Company name,Company URL,Location,Founded,Industry,Company size
SABA,https://wuzzuf.net/jobs/careers/SABA-Egypt-32300,"Cairo, Egypt",2002,Telecommunications,51-100 employees
Ejada ,https://wuzzuf.net/jobs/careers/Ejada--Cairo--Egypt-9273,"Cairo, Egypt",2005,Computer and Network Security,Size not provided
Sarmady,https://wuzzuf.net/jobs/careers/Sarmady-57,"Giza, Egypt",2001,Information Technology Services,101-500 employees
Heineken,https://wuzzuf.net/jobs/careers/Heineken-Egypt-94737,"Cairo, Egypt",Foundation date not provided,Industry not provided,Size not provided
Giza Arabia Systems,https://wuzzuf.net/jobs/careers/Giza Arabia Systems-Egypt-91406,"Cairo, Egypt",Foundation date not provided,Industry not provided,Size not provided
Union Coop,https://wuzzuf.net/jobs/careers/U-Egypt-36354,"Dubai, United Arab Emirates",Foundation date not provided,Industry not provided,Size not provided
Algoriza,https://wuzzuf.net/jobs/careers/Algoriza-Egypt-58919,"Giza, Egypt",2011,Computer Software,51-100 employees
Azdan Business Analytics,https://wuzzuf.net/jobs/careers/Azdan-Business-Analytics-Egypt-28996,"Cairo, Egypt",2009,Management Consulting,11-50 employees
BI-Technologies,https://wuzzuf.net/jobs/careers/BI-Technologies-Egypt-14526,"Cairo, Egypt",2006,Computer Software,101-500 employees
ICIS,https://wuzzuf.net/jobs/careers/ICIS-Saudi-Arabia-36620,"Cairo, Egypt",2008,Computer Software,11-50 employees
Perfect Presentation,https://wuzzuf.net/jobs/careers/PERFECT-PRESENTAION-Egypt-10124,"Cairo, Egypt",Foundation date not provided,Industry not provided,Size not provided
Nacita,https://wuzzuf.net/jobs/careers/Nacita-Egypt-22041,"Cairo, Egypt",1944,Automotive,501-1000 employees
Trufla,https://wuzzuf.net/jobs/careers/Trufla-Egypt-17331,"Cairo, Egypt",Foundation date not provided,Industry not provided,Size not provided
Samcrete Engineers & contractors,https://wuzzuf.net/jobs/careers/Samcrete-Egypt-74991,"Giza, Egypt",1963,Construction - Industrial Facilities and Infrastructure,More than 1000 employees
Osolutions,https://wuzzuf.net/jobs/careers/ask-sev-Egypt-34672,"Cairo, Egypt",Foundation date not provided,Industry not provided,Size not provided
Victory Link,https://wuzzuf.net/jobs/careers/Victory-Link-Egypt-5033,"Cairo, Egypt",1998,Marketing and Advertising,101-500 employees
Netcompay- Intrasoft,https://wuzzuf.net/jobs/careers/Netcompay- Intrasoft-Jordan-95895,Jordan,Foundation date not provided,Industry not provided,Size not provided
Smart Cards application,https://wuzzuf.net/jobs/careers/smart-cards-application-Egypt-60845,"Giza, Egypt",Foundation date not provided,Industry not provided,Size not provided
CrossWorkers,https://wuzzuf.net/jobs/careers/Cross-Workers-Egypt-3401,"Cairo, Egypt",2012,Information Technology Services,51-100 employees
Sceel.io,https://wuzzuf.net/jobs/careers/sceel-Egypt-73908,"Cairo, Egypt",2018,Computer Software,51-100 employees
CyberX,https://wuzzuf.net/jobs/careers/CyberX-Egypt-95591,Egypt,2019,Information Technology Services,51-100 employees
World Food Program - Other locations,https://wuzzuf.net/jobs/careers/World Food Program - Other locations-Egypt-92536,"Cairo, Egypt",Foundation date not provided,Industry not provided,Size not provided
Expert Apps,https://wuzzuf.net/jobs/careers/Expert-Apps-Egypt-50784,"Cairo, Egypt",2009,Computer Software,11-50 employees
FinBi Finance & Banking Consultants International,https://wuzzuf.net/jobs/careers/FinBi-Finance--amp--Banking-Consultants-International-Egypt-26845,"Giza, Egypt",Foundation date not provided,Industry not provided,Size not provided
Our Education,https://wuzzuf.net/jobs/careers/Our-edu-Egypt-51211,"Cairo, Egypt",Foundation date not provided,Industry not provided,Size not provided
Bevatel,https://wuzzuf.net/jobs/careers/Bavaya-Egypt-40591,"Giza, Egypt",Foundation date not provided,Industry not provided,Size not provided
Aswaq,https://wuzzuf.net/jobs/careers/Aswaq-Egypt-94925,Egypt,Foundation date not provided,Industry not provided,Size not provided
Nahr Development,https://wuzzuf.net/jobs/careers/Nahr-Development-Egypt-20713,"Cairo, Egypt",2007,Information Technology Services,11-50 employees
EGID company,https://wuzzuf.net/jobs/careers/AGTI-company-Egypt-45817,"Cairo, Egypt",1999,Information Technology Services,51-100 employees
Al-Meshka,https://wuzzuf.net/jobs/careers/Almeshka-Egypt-66878,Egypt,Foundation date not provided,Industry not provided,Size not provided
International Advanced ,https://wuzzuf.net/jobs/careers/International-Advanced-Egypt-58336,"Cairo, Egypt",2010,Computer Software,11-50 employees
waffarha.com,https://wuzzuf.net/jobs/careers/waffarha-com-Egypt-3723,Egypt,2012,Marketing and Advertising,Size not provided
TREX,https://wuzzuf.net/jobs/careers/TREX-Egypt-95527,"Cairo, Egypt",Foundation date not provided,Industry not provided,1-10 employees
BSmart,https://wuzzuf.net/jobs/careers/BSmart-Saudi-Arabia-66898,"Cairo, Egypt",2020,Computer Software,Size not provided
Arabian Advanced Systems,https://wuzzuf.net/jobs/careers/Arabian-Advanced-Systems-Egypt-4431,"Cairo, Egypt",1989,Computer Software,101-500 employees
eT3 - Tomorrow Information Technology,https://wuzzuf.net/jobs/careers/eT3---Tomorrow-Information-Technology-Egypt-5525,"Cairo, Egypt",1998,Computer Software,11-50 employees
AK IT Consulting,https://wuzzuf.net/jobs/careers/Erp-Buddy-Egypt-59472,"Cairo, Egypt",Foundation date not provided,Industry not provided,Size not provided
Nile University,https://wuzzuf.net/jobs/careers/Nile-University-Egypt-30674,"Giza, Egypt",Foundation date not provided,Industry not provided,Size not provided
Dexef,https://wuzzuf.net/jobs/careers/Dexef-Egypt-37590,"Monufya, Egypt",2004,Computer Software,51-100 employees
Casita,https://wuzzuf.net/jobs/careers/Casita-Egypt-47449,"Giza, Egypt",Foundation date not provided,Industry not provided,Size not provided
Noases,https://wuzzuf.net/jobs/careers/parmagyat-Egypt-93597,"Cairo, Egypt",Foundation date not provided,Industry not provided,Size not provided
FinTech Collective,https://wuzzuf.net/jobs/careers/FinTech Collective-Egypt-94697,"Cairo, Egypt",Foundation date not provided,Industry not provided,Size not provided
Antal International - Egypt,https://wuzzuf.net/jobs/careers/Antal International - Egypt-Egypt-91877,"Cairo, Egypt",Foundation date not provided,Industry not provided,Size not provided
CodeCooks,https://wuzzuf.net/jobs/careers/CodeCooks-Egypt-95797,"Cairo, Egypt",2022,Computer Software,Size not provided
Tie House,https://wuzzuf.net/jobs/careers/Tie-House-Egypt-20112,"Cairo, Egypt",1995,Apparel and Fashion,101-500 employees
Edentech,https://wuzzuf.net/jobs/careers/Edentech-Egypt-78060,"Cairo, Egypt",Foundation date not provided,Industry not provided,Size not provided
IBM WTC Egypt,https://wuzzuf.net/jobs/careers/IBM WTC Egypt-Egypt-91690,"Cairo, Egypt",Foundation date not provided,Industry not provided,Size not provided
IQRA Network,https://wuzzuf.net/jobs/careers/IQRA-Network-United-States-54585,"Boston, United States",2017,Education,11-50 employees
Engosoft,https://wuzzuf.net/jobs/careers/Engosoft-Egypt-57983,"Cairo, Egypt",Foundation date not provided,Industry not provided,Size not provided
CRE Venture Capital,https://wuzzuf.net/jobs/careers/CRE Venture Capital-Egypt-94710,"Cairo, Egypt",Foundation date not provided,Industry not provided,Size not provided
Oracle - Egypt,https://wuzzuf.net/jobs/careers/Oracle - Egypt-Kuwait-91776,"Kuwait City, Kuwait",Foundation date not provided,Industry not provided,Size not provided
Elev8Assessments,https://wuzzuf.net/jobs/careers/Elev8Assessments-Egypt-83482,"Giza, Egypt",Foundation date not provided,Industry not provided,Size not provided
Horizon Agency,https://wuzzuf.net/jobs/careers/horizonmediaeg-Egypt-21114,"Cairo, Egypt",2012,Marketing and Advertising,11-50 employees
Carpet Land,https://wuzzuf.net/jobs/careers/Carpet-Land-Egypt-95542,Egypt,Foundation date not provided,Industry not provided,Size not provided
Link Datacenter,https://wuzzuf.net/jobs/careers/Link-Datacenter-Egypt-23208,"Giza, Egypt",1996,Information Technology Services,51-100 employees
GET Group- Egypt,https://wuzzuf.net/jobs/careers/GET-Group--Egypt-Egypt-3132,"Cairo, Egypt",1986,Computer Software,101-500 employees
Al Ahly Momkn for e-payment,https://wuzzuf.net/jobs/careers/Al-Ahly-Momkn-for-e-payment-Egypt-70281,"Cairo, Egypt",2011,Banking,101-500 employees
Charisma Design,https://wuzzuf.net/jobs/careers/Charisma-Design-Egypt-41338,"Cairo, Egypt",Foundation date not provided,Industry not provided,Size not provided
Premier Services and Recruitment,https://wuzzuf.net/jobs/careers/Premier-Services-and-Recruitment-Egypt-9418,"Cairo, Egypt",Foundation date not provided,Industry not provided,Size not provided
LABS,https://wuzzuf.net/jobs/careers/LABS-Egypt-36615,"Cairo, Egypt",Foundation date not provided,Industry not provided,Size not provided
DXC.technology,https://wuzzuf.net/jobs/careers/DXC.technology-Saudi Arabia-91492,"Riyadh, Saudi Arabia",Foundation date not provided,Industry not provided,Size not provided
Decorative Glass And Arab Union Glass Group,https://wuzzuf.net/jobs/careers/Arab-Union-Glass-Factory-Egypt-59231,Egypt,1960,Manufacturing,More than 1000 employees
IST Networks,https://wuzzuf.net/jobs/careers/IST-Networks-Egypt-57432,"Cairo, Egypt",Foundation date not provided,Industry not provided,Size not provided
Anzma tech,https://wuzzuf.net/jobs/careers/Anzma-tech-Egypt-45359,"Cairo, Egypt",Foundation date not provided,Industry not provided,Size not provided
Superior Business Solutions,https://wuzzuf.net/jobs/careers/Superior-Business-Solutions-United-Arab-Emirates-19788,"Cairo, Egypt",2009,Information Technology Services,11-50 employees
DX Republic,https://wuzzuf.net/jobs/careers/-85330,Egypt,Foundation date not provided,Industry not provided,Size not provided
As-Salam International Hospital,https://wuzzuf.net/jobs/careers/As-Salam-International-Hospital-Egypt-11392,"Cairo, Egypt",Foundation date not provided,Industry not provided,Size not provided
Dynamicslink,https://wuzzuf.net/jobs/careers/Dynamicslink-Egypt-21303,"Cairo, Egypt",2015,Information Technology Services,51-100 employees
Centione,https://wuzzuf.net/jobs/careers/Centione-Egypt-17177,"Cairo, Egypt",2020,Marketing and Advertising,1-10 employees
Finiex Soft ,https://wuzzuf.net/jobs/careers/FAAINEX-Saudi Arabia-94360,"Alexandria, Egypt",Foundation date not provided,Industry not provided,Size not provided
ITS ,https://wuzzuf.net/jobs/careers/ITS-Egypt-29055,"Cairo, Egypt",Foundation date not provided,Industry not provided,Size not provided
Dorra Group,https://wuzzuf.net/jobs/careers/Dorra-Group-Egypt-20151,"Cairo, Egypt",Foundation date not provided,Industry not provided,Size not provided
Outservingplus,https://wuzzuf.net/jobs/careers/Outservingplus-Egypt-75652,"Giza, Egypt",2021,Outsourcing/Offshoring,51-100 employees
Nahdet Misr Publishing Group,https://wuzzuf.net/jobs/careers/Nahdet-Misr-Publishing-Group-Egypt-1272,"Giza, Egypt",1938,Publishing and Printing,More than 1000 employees
Jumia,https://wuzzuf.net/jobs/careers/Jumia-Egypt-2019,"Cairo, Egypt",Foundation date not provided,Industry not provided,Size not provided
"White House Nannies, Inc.","https://wuzzuf.net/jobs/careers/White House Nannies, Inc.-Egypt-95344","Alexandria, Egypt",Foundation date not provided,Industry not provided,Size not provided
Qsource,https://wuzzuf.net/jobs/careers/Qsource-Egypt-5561,"Cairo, Egypt",Foundation date not provided,Industry not provided,Size not provided
Mubasher,https://wuzzuf.net/jobs/careers/Mubasher-Egypt-1737,"Cairo, Egypt",Foundation date not provided,Industry not provided,Size not provided
Al Ahly capital holding - Al Ahly Tamkeen,https://wuzzuf.net/jobs/careers/Al-Ahly-capital-holding---Al-Ahly-Tamkeen-Egypt-63503,"Cairo, Egypt",2020,Financial Services,501-1000 employees
"Halliburton Energy Services, Inc.","https://wuzzuf.net/jobs/careers/Halliburton Energy Services, Inc.-Egypt-95343","Cairo, Egypt",Foundation date not provided,Industry not provided,Size not provided
MICA,https://wuzzuf.net/jobs/careers/MICA-Egypt-36968,"Giza, Egypt",Foundation date not provided,Industry not provided,Size not provided
Kode Clubs - Hassan Allam Sports Clubs,https://wuzzuf.net/jobs/careers/Kode-Clubs-Egypt-94551,"Cairo, Egypt",Foundation date not provided,Industry not provided,Size not provided
HITS Solutions,https://wuzzuf.net/jobs/careers/HITS-Solutions-Egypt-3358,"Cairo, Egypt",1998,Biotechnology,101-500 employees
9H Capital ,https://wuzzuf.net/jobs/careers/9H Capital-Egypt-86790,"Żebbuġ, Malta",Foundation date not provided,Industry not provided,51-100 employees
Alouf Travel,https://wuzzuf.net/jobs/careers/Alouf-Travel-Egypt-58360,"Giza, Egypt",1995,Transportation,101-500 employees
InnovaDigits,https://wuzzuf.net/jobs/careers/Innovadigits-Egypt-82835,"Cairo, Egypt",2014,Computer Software,Size not provided
Rawaj-HCM,https://wuzzuf.net/jobs/careers/Rawaj-co--recruitment-Egypt-28386,"Cairo, Egypt",Foundation date not provided,Industry not provided,Size not provided
DIRAC SYSTEMS,https://wuzzuf.net/jobs/careers/DIRAC-SYSTEMS-Egypt-6923,"Cairo, Egypt",2014,Information Technology Services,11-50 employees
3S Software,https://wuzzuf.net/jobs/careers/3S-Software-Egypt-14128,"Cairo, Egypt",2006,Computer Software,51-100 employees
Ahmed El-Sallab,https://wuzzuf.net/jobs/careers/Elsallab-Group-Egypt-8557,Egypt,1912,Retail,501-1000 employees
Nahdetmisr For Environmental services,https://wuzzuf.net/jobs/careers/Nahdetmisr For Environmental services-Egypt-95689,Egypt,Foundation date not provided,Industry not provided,Size not provided
shaheen communication data systems ,https://wuzzuf.net/jobs/careers/confidential-Egypt-85760,Egypt,Foundation date not provided,Industry not provided,Size not provided
Global Brands,https://wuzzuf.net/jobs/careers/gbrands-com-555,"Cairo, Egypt",1997,Computer Hardware,101-500 employees
SYSTRA,https://wuzzuf.net/jobs/careers/SYSTRA-United-Arab-Emirates-23269,"Cairo, Egypt",1957,Transportation,More than 1000 employees
Amazon MENA,https://wuzzuf.net/jobs/careers/Amazon MENA-United Arab Emirates-91371,"Dubai, United Arab Emirates",Foundation date not provided,Industry not provided,Size not provided
Enwan Developments,https://wuzzuf.net/jobs/careers/Enwan developments-Egypt-95663,Egypt,2012,Real Estate/Property Management,51-100 employees
Dafa,https://wuzzuf.net/jobs/careers/Tarseya-Egypt-76749,"Giza, Egypt",Foundation date not provided,Industry not provided,Size not provided
Mazar construction ,https://wuzzuf.net/jobs/careers/Mazar construction-Egypt-95168,"Cairo, Egypt",2007,Construction - Residential & Commercial/Office,11-50 employees
Viavi Solutions,https://wuzzuf.net/jobs/careers/Viavi-Solutions-Egypt-67182,"Cairo, Egypt",2015,Information Technology Services,More than 1000 employees
TRIMETIS,https://wuzzuf.net/jobs/careers/TRIMETIS-Egypt-77031,"Cairo, Egypt",2012,Information Technology Services,51-100 employees
Exacall,https://wuzzuf.net/jobs/careers/Exacall-Egypt-95665,"Cairo, Egypt",Foundation date not provided,Industry not provided,Size not provided
"Honeywell International, Inc.","https://wuzzuf.net/jobs/careers/Honeywell International, Inc.-United Arab Emirates-94736","Abu Dhabi, United Arab Emirates",Foundation date not provided,Industry not provided,Size not provided
Pure Group ,https://wuzzuf.net/jobs/careers/Pure Group-Egypt-94604,Egypt,Foundation date not provided,Industry not provided,Size not provided
EELU,https://wuzzuf.net/jobs/careers/eelu-Egypt-52613,"Cairo, Egypt",2008,Higher Education,101-500 employees
Logistica,https://wuzzuf.net/jobs/careers/Logistica-Egypt-16461,"Giza, Egypt",2011,Logistics and Supply Chain,101-500 employees
Estafsar,https://wuzzuf.net/jobs/careers/Estafsar-Egypt-57612,"Cairo, Egypt",2020,Information Technology Services,1-10 employees
Xceed Contact Center,https://wuzzuf.net/jobs/careers/XCEEDCC-Egypt-52679,"Giza, Egypt",Foundation date not provided,Industry not provided,Size not provided
FlairsTech,https://wuzzuf.net/jobs/careers/Flairstech-Egypt-1631,"Cairo, Egypt",Foundation date not provided,Industry not provided,Size not provided
Etisalat Egypt,https://wuzzuf.net/jobs/careers/Etisalat-Misr-Egypt-4219,"Cairo, Egypt",2007,Telecommunications,More than 1000 employees
United Group For Engineering And Investment,https://wuzzuf.net/jobs/careers/United-Group-For-Engineering-And-Investment-Egypt-18023,"Cairo, Egypt",Foundation date not provided,Industry not provided,Size not provided
Ultimate Academy Not Verified,https://wuzzuf.net/jobs/careers/Ultimate Academy-Egypt-95649,"Giza, Egypt",2017,Computer Software,101-500 employees
WSC,https://wuzzuf.net/jobs/careers/WSC-Egypt-87343,"Giza, Egypt",Foundation date not provided,Industry not provided,Size not provided
ثقة الانجاز,https://wuzzuf.net/jobs/careers/Ø«Ù‚Ø©-Ø§Ù„Ø§Ù†Ø¬Ø§Ø²-Egypt-95233,"Cairo, Egypt",2020,Computer Software,Size not provided
Spark Systems,https://wuzzuf.net/jobs/careers/Spark-Systems-Egypt-1607,"Giza, Egypt",2008,Computer Software,11-50 employees
El-Sewedy Electrometer,https://wuzzuf.net/jobs/careers/El-Sewedy-Electrometer-Egypt-23922,"Giza, Egypt",1998,Manufacturing,More than 1000 employees
Softec Technologies,https://wuzzuf.net/jobs/careers/Softec-international-Egypt-8897,"Cairo, Egypt",1980,Computer Software,101-500 employees
qTech. ,https://wuzzuf.net/jobs/careers/Alqemam-For-Programming-Egypt-3545,"Dakahlia, Egypt",2010,Computer Software,101-500 employees
AGG information technology,https://wuzzuf.net/jobs/careers/-89831,"Giza, Egypt",Foundation date not provided,Industry not provided,Size not provided
3D Diagnostix,https://wuzzuf.net/jobs/careers/3D-Diagnostix-Egypt-3761,"Cairo, Egypt",2005,Healthcare and Medical Services,101-500 employees
Art Link,https://wuzzuf.net/jobs/careers/Art-Link-Egypt-40308,"Alexandria, Egypt",1998,Computer Networking,101-500 employees
El Sewedy Education - The Knowledge Hub Universities,https://wuzzuf.net/jobs/careers/El-Sewedy-Education-Egypt-30386,"Cairo, Egypt",Foundation date not provided,Industry not provided,101-500 employees
El Alsson British & American International School,https://wuzzuf.net/jobs/careers/IH-14644,"Giza, Egypt",1982,Education,501-1000 employees
Schneider Electric - Egypt,https://wuzzuf.net/jobs/careers/Schneider Electric - Egypt-Egypt-91590,"Cairo, Egypt",Foundation date not provided,Industry not provided,Size not provided
classera,https://wuzzuf.net/jobs/careers/Eureka-Egypt-27241,"Cairo, Egypt",2017,Information Technology Services,101-500 employees
Agolo Egypt,https://wuzzuf.net/jobs/careers/Agolo Egypt-Egypt-79417,Egypt,Foundation date not provided,Industry not provided,Size not provided
Premium Card,https://wuzzuf.net/jobs/careers/Premium-Card-Egypt-766,"Giza, Egypt",2002,Financial Services,101-500 employees
Infotech,https://wuzzuf.net/jobs/careers/Infotech-Egypt-11641,"Cairo, Egypt",1999,Business Services - Other,11-50 employees
 Roaya,https://wuzzuf.net/jobs/careers/Roaya-Electronic-Egypt-22686,"Cairo, Egypt",2010,Information Technology Services,51-100 employees
Lychee Fruit Bar,https://wuzzuf.net/jobs/careers/Lychee-Fruit-Bar-Egypt-68204,Egypt,2012,Food and Beverage Production,101-500 employees
Mazaya,https://wuzzuf.net/jobs/careers/Mazaya-Egypt-16975,"Cairo, Egypt",Foundation date not provided,Industry not provided,Size not provided
GS - GEO Solutions ,https://wuzzuf.net/jobs/careers/GS - GEO Solutions-Egypt-77026,"Cairo, Egypt",2020,Information Technology Services,11-50 employees
Arabic Localizer,https://wuzzuf.net/jobs/careers/Arabic-Localizer-Egypt-2790,"Giza, Egypt",2009,Computer Software,Size not provided
hyperone,https://wuzzuf.net/jobs/careers/hyperone-Egypt-95593,Egypt,Foundation date not provided,Industry not provided,Size not provided
K Line Europe,https://wuzzuf.net/jobs/careers/-92966,"Cairo, Egypt",2014,Medical Devices and Supplies,Size not provided
TTC Technologies,https://wuzzuf.net/jobs/careers/TTC-Technologies-Egypt-20890,"Cairo, Egypt",2010,Computer Software,11-50 employees
Injaz Tech for advanced systems,https://wuzzuf.net/jobs/careers/Injaz-Tech-for-advanced-systems-Egypt-63646,"Cairo, Egypt",Foundation date not provided,Industry not provided,Size not provided
SE Wiring Systems EGYPT,https://wuzzuf.net/jobs/careers/SE-Wiring-Systems-EGYPT-Egypt-23300,"Giza, Egypt",Foundation date not provided,Industry not provided,Size not provided
ElMotaheda Web ,https://wuzzuf.net/jobs/careers/ElMotaheda-Web--Egypt-17527,"Cairo, Egypt",2004,Information Technology Services,1-10 employees
Johnson & Johnson,https://wuzzuf.net/jobs/careers/Johnson & Johnson-United Arab Emirates-93154,"Dubai, United Arab Emirates",Foundation date not provided,Industry not provided,Size not provided
Cryptostart,https://wuzzuf.net/jobs/careers/Cryptostart-United Arab Emirates-95439,"Dubai, United Arab Emirates",Foundation date not provided,Industry not provided,Size not provided
Egabi FSI,https://wuzzuf.net/jobs/careers/egabi-solution-Egypt-2056,Egypt,2006,Information Technology Services,101-500 employees
SMARTTEL,https://wuzzuf.net/jobs/careers/SMARTTEL-Egypt-46874,"Cairo, Egypt",2005,Security and Surveillance,51-100 employees
Rashideen Egypt for Trade ,https://wuzzuf.net/jobs/careers/Rashideen-Egypt-for-Trade-Egypt-34677,"Cairo, Egypt",2000,FMCG,More than 1000 employees
intrazero,https://wuzzuf.net/jobs/careers/intrazero-Egypt-34477,"Cairo, Egypt",2016,Computer Software,11-50 employees
TEPCO S.A.E.,https://wuzzuf.net/jobs/careers/TEPCO-S-A-E--Egypt-5396,"Giza, Egypt",1979,Engineering Services,501-1000 employees
Jumia Technologies AG,https://wuzzuf.net/jobs/careers/Jumia Technologies AG-Egypt-94950,"Cairo, Egypt",Foundation date not provided,Industry not provided,Size not provided
Expleo,https://wuzzuf.net/jobs/careers/SQS-Egypt-Egypt-2422,"Cairo, Egypt",1966,Computer Software,More than 1000 employees
LINK TSP,https://wuzzuf.net/jobs/careers/LINK-TSP-Egypt-86185,"Cairo, Egypt",2001,Computer Software,Size not provided
EAST ,https://wuzzuf.net/jobs/careers/EAST-Egypt-14673,"Cairo, Egypt",2000,Engineering Services,101-500 employees
Gest For Metals ,https://wuzzuf.net/jobs/careers/Gest-For-Metals-Egypt-18352,"Sharqia, Egypt",Foundation date not provided,Industry not provided,Size not provided
Smartverse,https://wuzzuf.net/jobs/careers/Smart-Group-Egypt-36642,"Cairo, Egypt",1999,FMCG,501-1000 employees
LxT,https://wuzzuf.net/jobs/careers/Linguistix-tank-Egypt-44200,"Cairo, Egypt",2010,Information Technology Services,101-500 employees
Greenway,https://wuzzuf.net/jobs/careers/Greenway-Egypt-74242,Egypt,Foundation date not provided,Industry not provided,Size not provided
Basata,https://wuzzuf.net/jobs/careers/Masary-Egypt-11058,"Cairo, Egypt",2009,Computer Software,More than 1000 employees
Azm development,https://wuzzuf.net/jobs/careers/MTS-Egypt-9092,"Cairo, Egypt",2019,Computer Software,Size not provided
OdooTec,https://wuzzuf.net/jobs/careers/OdooTec-Egypt-57875,"Cairo, Egypt",2007,Computer Software,11-50 employees
GLOBAL AUTO,https://wuzzuf.net/jobs/careers/Bavarian-Auto-Group-Egypt-3200,"Cairo, Egypt",Foundation date not provided,Industry not provided,Size not provided
Fixed Solutions,https://wuzzuf.net/jobs/careers/Fixed-Solutions-Egypt-18523,"Cairo, Egypt",2007,Information Technology Services,51-100 employees
Holix,https://wuzzuf.net/jobs/careers/EButler-Egypt-51167,"Cairo, Egypt",Foundation date not provided,Industry not provided,Size not provided
Telegeeks LLC,https://wuzzuf.net/jobs/careers/Telegeeks LLC-United States-95493,"Cairo, Egypt",2022,Telecommunications,11-50 employees
ECONSTRUCT DESIGN & BUILD Pvt Ltd.,https://wuzzuf.net/jobs/careers/ECONSTRUCT DESIGN & BUILD Pvt Ltd.-Egypt-94725,"Cairo, Egypt",Foundation date not provided,Industry not provided,Size not provided
Midea Group,https://wuzzuf.net/jobs/careers/Midea-Group-Egypt-64266,"Giza, Egypt",Foundation date not provided,Industry not provided,Size not provided
Zeal Capital Market (Seychelles) Limited,https://wuzzuf.net/jobs/careers/Zeal Capital Market (Seychelles) Limited-Egypt-95453,"Cairo, Egypt",Foundation date not provided,Industry not provided,Size not provided
PILLARS CONSULTANCY & RECRUITMENT,https://wuzzuf.net/jobs/careers/PILLARS CONSULTANCY & RECRUITMENT-Egypt-95309,"Cairo, Egypt",Foundation date not provided,Industry not provided,Size not provided
AFFSQUARE,https://wuzzuf.net/jobs/careers/Affsquare-Egypt-45753,"Cairo, Egypt",2018,Marketing and Advertising,51-100 employees
Octane solutions ,https://wuzzuf.net/jobs/careers/Octane-solutions-Egypt-91162,"Cairo, Egypt",Foundation date not provided,Industry not provided,51-100 employees
Raya Holding for Financial Investments,https://wuzzuf.net/jobs/careers/Raya Holding for Financial Investments-Egypt-91415,"Cairo, Egypt",Foundation date not provided,Industry not provided,Size not provided
SURE International Technology,https://wuzzuf.net/jobs/careers/SURE-International-Egypt-21250,"Cairo, Egypt",2004,Information Technology Services,101-500 employees
Egast,https://wuzzuf.net/jobs/careers/Egast-Egypt-30501,"Alexandria, Egypt",Foundation date not provided,Industry not provided,Size not provided
Aliaict,https://wuzzuf.net/jobs/careers/aliaict-Egypt-38130,"Cairo, Egypt",2018,Information Technology Services,101-500 employees
softprograms,https://wuzzuf.net/jobs/careers/softprograms-Egypt-88014,"Cairo, Egypt",Foundation date not provided,Industry not provided,Size not provided
Network International -Egypt,https://wuzzuf.net/jobs/careers/Network-International--Egypt-Egypt-28921,"Cairo, Egypt",Foundation date not provided,Industry not provided,Size not provided
Samaya Electronics Egypt LTD,https://wuzzuf.net/jobs/careers/Samaya-Electronics-Egypt-LTD-Egypt-5770,Egypt,2012,Automotive,501-1000 employees
EEC Group,https://wuzzuf.net/jobs/careers/EEC-Group-Egypt-31409,"Cairo, Egypt",Foundation date not provided,Industry not provided,Size not provided
Kian Alraqmih,https://wuzzuf.net/jobs/careers/Kian-Alraqmih-Egypt-95222,Saudi Arabia,Foundation date not provided,Industry not provided,Size not provided
acwme,https://wuzzuf.net/jobs/careers/CWME-Egypt-83165,"Riyadh, Saudi Arabia",2020,Internet/E-commerce,Size not provided
Four Seasons Hotels and Resorts,https://wuzzuf.net/jobs/careers/Four Seasons Hotels and Resorts-Kuwait-91482,"Kuwait City, Kuwait",Foundation date not provided,Industry not provided,Size not provided
Kuehne & Nagel Logistics,https://wuzzuf.net/jobs/careers/Kuehne & Nagel Logistics-Qatar-94706,"Doha, Qatar",Foundation date not provided,Industry not provided,Size not provided
S.C. Johnson & Son Inc,https://wuzzuf.net/jobs/careers/S.C. Johnson & Son Inc-Egypt-94731,"Cairo, Egypt",Foundation date not provided,Industry not provided,Size not provided
eBSEG,https://wuzzuf.net/jobs/careers/eBSEG-Egypt-10608,"Cairo, Egypt",2000,Computer Software,51-100 employees
Kasrawy Group,https://wuzzuf.net/jobs/careers/Kasrawy-Group-Egypt-43947,"Giza, Egypt",1979,Automotive,501-1000 employees
Measuresoft oil and gas Services   ,https://wuzzuf.net/jobs/careers/Measuresoft oil and gas Services-Egypt-93887,"Cairo, Egypt",Foundation date not provided,Industry not provided,Size not provided
Global Academic Foundation Hosting University of Hertfordshire UH,https://wuzzuf.net/jobs/careers/Global-University-Egypt-52138,"Cairo, Egypt",Foundation date not provided,Industry not provided,Size not provided
IT Pillars,https://wuzzuf.net/jobs/careers/IT-Pillars-Egypt-21866,"Cairo, Egypt",Foundation date not provided,Industry not provided,Size not provided
Pillars,https://wuzzuf.net/jobs/careers/Pillars-Egypt-4586,"Cairo, Egypt",2012,Human Resources,Size not provided
Khatib & Alami,https://wuzzuf.net/jobs/careers/Khatib & Alami-Egypt-95376,"Cairo, Egypt",Foundation date not provided,Industry not provided,Size not provided
eVision,https://wuzzuf.net/jobs/careers/eVision-Egypt-7064,"Cairo, Egypt",Foundation date not provided,Industry not provided,Size not provided
Numrah,https://wuzzuf.net/jobs/careers/Numrah-Saudi Arabia-95178,Saudi Arabia,Foundation date not provided,Industry not provided,Size not provided
Nature's Rule Egypt LLC ,https://wuzzuf.net/jobs/careers/Nature-Rule-Jordan-31287,"Cairo, Egypt",Foundation date not provided,Industry not provided,Size not provided
Statements for Consulting,https://wuzzuf.net/jobs/careers/Statements-for-Consulting-Egypt-8643,"Cairo, Egypt",2009,Financial Services,Size not provided
Ultimate Solutions Egypt,https://wuzzuf.net/jobs/careers/Ultimate-Solutions-Egypt-Egypt-20844,Egypt,1993,Computer Software,101-500 employees
Elhazek Construction,https://wuzzuf.net/jobs/careers/Elhazek-Construction-Egypt-32696,"Cairo, Egypt",Foundation date not provided,Industry not provided,Size not provided
Kick Start Interactive,https://wuzzuf.net/jobs/careers/Kick-Start-Interactive-Egypt-8629,"Cairo, Egypt",2014,Computer Software,Size not provided
INNOVA SOFT,https://wuzzuf.net/jobs/careers/INNOVA SOFT-Tunisia-95355,"Ariana, Tunisia",2004,Computer Software,11-50 employees
VAS Integrated Solutions,https://wuzzuf.net/jobs/careers/VAS Integrated Solutions-Egypt-92648,"Cairo, Egypt",Foundation date not provided,Industry not provided,Size not provided
Nerva,https://wuzzuf.net/jobs/careers/Nerva-Egypt-94160,"Cairo, Egypt",2020,Computer Software,11-50 employees
Auto Tager,https://wuzzuf.net/jobs/careers/Auto-Tager-Egypt-91959,"Cairo, Egypt",Foundation date not provided,Industry not provided,Size not provided
Erada,https://wuzzuf.net/jobs/careers/Erada-Egypt-89969,Egypt,Foundation date not provided,Industry not provided,Size not provided
WorldFish,https://wuzzuf.net/jobs/careers/WorldFish-Egypt-95310,"Cairo, Egypt",Foundation date not provided,Industry not provided,Size not provided
WUZZUF,https://wuzzuf.net/jobs/careers/WUZZUF-Egypt-15061,"Cairo, Egypt",2009,Computer Software,101-500 employees
Shatta,https://wuzzuf.net/jobs/careers/Shatta-Egypt-46708,"Cairo, Egypt",1988,Textile and Clothing,501-1000 employees
"Nile Bits, LLC.","https://wuzzuf.net/jobs/careers/Nile Bits, LLC.-Egypt-95302","Cairo, Egypt",Foundation date not provided,Industry not provided,Size not provided
Intercept Technologies,https://wuzzuf.net/jobs/careers/Intercept-Technologies-Egypt-64833,"Cairo, Egypt",Foundation date not provided,Industry not provided,Size not provided
Nour Eldin Elsherif for Trading vehicles,https://wuzzuf.net/jobs/careers/nour-eldin-elsherif-for-trading-vehicles-Egypt-30889,"Giza, Egypt",Foundation date not provided,Industry not provided,Size not provided
Delta Egypt For Lighting ,https://wuzzuf.net/jobs/careers/Delta-Egypt-Foreign-Trade-Egypt-5797,"Cairo, Egypt",1984,Other - Not Classified,101-500 employees
Tokio Marine Egypt General,https://wuzzuf.net/jobs/careers/Tokio-Marine-Egypt-General-Takaful-Egypt-14889,"Cairo, Egypt",2008,Insurance,101-500 employees
Fawry for Banking Technology and Electronic Payments S.A.E,https://wuzzuf.net/jobs/careers/Fawry-Banking---Payment-Technology-Services-Egypt-2878,"Giza, Egypt",Foundation date not provided,Industry not provided,Size not provided
Mass Technology,https://wuzzuf.net/jobs/careers/Mass Technology-Egypt-95263,"Cairo, Egypt",2018,Computer Software,Size not provided
Youxel,https://wuzzuf.net/jobs/careers/Youxel-Egypt-19495,"Cairo, Egypt",2011,Information Technology Services,101-500 employees
365 Ecology,https://wuzzuf.net/jobs/careers/365-Ecology-Egypt-24389,"Giza, Egypt",2015,Construction - Industrial Facilities and Infrastructure,Size not provided
Amasi,https://wuzzuf.net/jobs/careers/Amasi-Saudi Arabia-92230,"Riyadh, Saudi Arabia",Foundation date not provided,Industry not provided,Size not provided
2CooM,https://wuzzuf.net/jobs/careers/2CooM-Egypt-86048,"Giza, Egypt",2021,Management Consulting,11-50 employees
Bypa-ss,https://wuzzuf.net/jobs/careers/Bypa-ss-Egypt-23618,"Cairo, Egypt",2019,Information Technology Services,11-50 employees
Cilantro,https://wuzzuf.net/jobs/careers/Cilantro-Egypt-69955,"Cairo, Egypt",1999,Food and Beverage Production,101-500 employees
(MSA) October University,https://wuzzuf.net/jobs/careers/--40-MSA--41--October-University-Egypt-2281,"Cairo, Egypt",1996,Education,More than 1000 employees
Gamers Lounge,https://wuzzuf.net/jobs/careers/Gamers-Lounge-Egypt-41144,"Cairo, Egypt",2014,Marketing and Advertising,Size not provided
Deal,https://wuzzuf.net/jobs/careers/Deal-Saudi-Arabia-44227,"Dammam, Saudi Arabia",Foundation date not provided,Industry not provided,Size not provided
SevenCodeApps,https://wuzzuf.net/jobs/careers/SevenCodeApps-Egypt-84901,"Cairo, Egypt",Foundation date not provided,Industry not provided,Size not provided
Ali Alkhajeh Development,https://wuzzuf.net/jobs/careers/Ali Alkhajeh Development-Egypt-95244,Egypt,Foundation date not provided,Industry not provided,Size not provided
CARITech,https://wuzzuf.net/jobs/careers/Private-business-Egypt-69535,"Giza, Egypt",2020,Banking,Size not provided
Smart Glass Company,https://wuzzuf.net/jobs/careers/Smart-Glass-Company-Egypt-24204,"Fayoum, Egypt",2009,Manufacturing,101-500 employees
BBI-Consultancy,https://wuzzuf.net/jobs/careers/BBI-Consultancy-Egypt-1113,Egypt,2009,Computer Software,51-100 employees
IKEN Technology,https://wuzzuf.net/jobs/careers/IKEN-Technology-Egypt-44052,"Cairo, Egypt",Foundation date not provided,Industry not provided,Size not provided
Robiquity,https://wuzzuf.net/jobs/careers/Robiquity-Egypt-57118,"Cairo, Egypt",2016,Information Technology Services,51-100 employees
Ofoq Consulting,https://wuzzuf.net/jobs/careers/Ofoq-Consulting-Egypt-10611,"Giza, Egypt",2015,Computer Software,Size not provided
Kiromarble for marble and granite,https://wuzzuf.net/jobs/careers/Kiromarble-for-marble-and-granite-Egypt-30738,"Cairo, Egypt",Foundation date not provided,Industry not provided,Size not provided
Golden Gates ,https://wuzzuf.net/jobs/careers/Golden Gates-Egypt-87136,"Giza, Egypt",2017,Venture Capital and Private Equity,Size not provided
YELO,https://wuzzuf.net/jobs/careers/Al-wefaq-Egypt-23708,"Cairo, Egypt",2000,Automotive,More than 1000 employees
Dedalus,https://wuzzuf.net/jobs/careers/Dedalus-India-95195,"Cairo, Egypt",Foundation date not provided,Industry not provided,Size not provided
Klik,https://wuzzuf.net/jobs/careers/Klik-Egypt-95090,Singapore,Foundation date not provided,Industry not provided,Size not provided
scandiweb,https://wuzzuf.net/jobs/careers/scandiweb-Latvia-83341,"Riga, Latvia",2003,Computer Software,501-1000 employees
sios,https://wuzzuf.net/jobs/careers/sios-Egypt-95174,Egypt,Foundation date not provided,Industry not provided,Size not provided
Yassien & Partners Law Firm,https://wuzzuf.net/jobs/careers/Yassien---Partners-Law-Firm-Egypt-70230,"Giza, Egypt",2007,Law Enforcement,11-50 employees
intella,https://wuzzuf.net/jobs/careers/intella-Egypt-73664,"Giza, Egypt",2021,Computer Software,11-50 employees
Deutschland Technology Limited,https://wuzzuf.net/jobs/careers/Deutschland-technology-Egypt-37376,"Cairo, Egypt",2004,Construction - Industrial Facilities and Infrastructure,101-500 employees
Spatium Software,https://wuzzuf.net/jobs/careers/Spatium Software-Egypt-94933,"Assiut, Egypt",2021,Computer Software,Size not provided
Safa International Travel,https://wuzzuf.net/jobs/careers/Safa-International-Travel-Egypt-43271,"Giza, Egypt",Foundation date not provided,Industry not provided,Size not provided
Alkarma Developments,https://wuzzuf.net/jobs/careers/Alkarma-Developments-Egypt-52486,"Giza, Egypt",1995,Construction - Residential & Commercial/Office,51-100 employees
MCV,https://wuzzuf.net/jobs/careers/MCV-Egypt-2340,Egypt,Foundation date not provided,Industry not provided,Size not provided
Eg Insurtech,https://wuzzuf.net/jobs/careers/Eg-Insurtech-Egypt-77552,"Cairo, Egypt",2008,Computer Software,Size not provided
Yespays,https://wuzzuf.net/jobs/careers/Yeshtery-Egypt-80137,"Cairo, Egypt",2020,Apparel and Fashion,Size not provided
Furqan Group for Education & IT,https://wuzzuf.net/jobs/careers/Furqan-Group-for-Education---IT-Egypt-56917,"Cairo, Egypt",Foundation date not provided,Industry not provided,Size not provided
Crevisoft Corporation,https://wuzzuf.net/jobs/careers/Crevisoft-Egypt-40283,"Cairo, Egypt",Foundation date not provided,Industry not provided,Size not provided
Sulfah,https://wuzzuf.net/jobs/careers/Rqmnh-Digitizing-Saudi-Arabia-9481,Egypt,2018,Financial Services,11-50 employees
Egypt Bakery Stores,https://wuzzuf.net/jobs/careers/Egypt-Bakery-Stores-Egypt-71096,Egypt,Foundation date not provided,Industry not provided,Size not provided
Target Integrated Systems,https://wuzzuf.net/jobs/careers/Target-Egypt-78472,"Cairo, Egypt",2013,Information Technology Services,11-50 employees
Enegix,https://wuzzuf.net/jobs/careers/Enegix-Egypt-94818,"Alexandria, Egypt",2019,Business Services - Other,Size not provided
Alstom,https://wuzzuf.net/jobs/careers/Alstom-Egypt-79317,"Cairo, Egypt",Foundation date not provided,Industry not provided,101-500 employees
RUSHBRUSH INC,https://wuzzuf.net/jobs/careers/RUSHBRUSH-INC-Egypt-28872,"Alexandria, Egypt",2016,Consumer Electronics,101-500 employees
Procoor,https://wuzzuf.net/jobs/careers/Procoor-Egypt-24462,Egypt,2010,Computer Software,51-100 employees
NCR,https://wuzzuf.net/jobs/careers/NCR-Egypt-41686,"Cairo, Egypt",Foundation date not provided,Industry not provided,Size not provided
Promech Engineering,https://wuzzuf.net/jobs/careers/Promech-Engineering-Egypt-21525,"Cairo, Egypt",Foundation date not provided,Industry not provided,Size not provided
Forasna,https://wuzzuf.net/jobs/careers/Forasna-Egypt-15764,"Cairo, Egypt",Foundation date not provided,Industry not provided,Size not provided
Origin integrated marketing agency,https://wuzzuf.net/jobs/careers/Origin integrated marketing agency-Egypt-95118,Egypt,Foundation date not provided,Industry not provided,Size not provided
Nile Projects & Trading,https://wuzzuf.net/jobs/careers/Nile-Projects-Trading-Egypt-15438,"Cairo, Egypt",Foundation date not provided,Industry not provided,More than 1000 employees
InitRes,https://wuzzuf.net/jobs/careers/InitRes-Egypt-68636,"Cairo, Egypt",Foundation date not provided,Industry not provided,Size not provided
GEMS Education,https://wuzzuf.net/jobs/careers/GEMS-Education-Egypt-42339,"Cairo, Egypt",Foundation date not provided,Industry not provided,Size not provided
Seoudi Supermarket,https://wuzzuf.net/jobs/careers/United-Grocers-Egypt-16038,"Giza, Egypt",1938,Retail,More than 1000 employees
Ethos International School,https://wuzzuf.net/jobs/careers/Ethos-International-School-Egypt-14146,"Giza, Egypt",2015,Education,101-500 employees
Zeidex,https://wuzzuf.net/jobs/careers/zeidex-Egypt-40622,"Giza, Egypt",2010,Marketing and Advertising,11-50 employees
Glamera,https://wuzzuf.net/jobs/careers/Glamera-Egypt-47172,"Cairo, Egypt",Foundation date not provided,Industry not provided,Size not provided
Travolic.LLc,https://wuzzuf.net/jobs/careers/Travolic-LLc-Egypt-38993,"Cairo, Egypt",2017,Travel and Tourism,11-50 employees
Tech 101,https://wuzzuf.net/jobs/careers/Tech 101-Romania-95017,Romania,Foundation date not provided,Industry not provided,Size not provided
etisal for advanced industries ,https://wuzzuf.net/jobs/careers/etisal-for-advanced-industries-Egypt-83648,"Giza, Egypt",2021,Manufacturing,501-1000 employees
iNetwork Solutions,https://wuzzuf.net/jobs/careers/iNetwork-Solutions-Egypt-28500,Egypt,Foundation date not provided,Industry not provided,Size not provided
alfanar,https://wuzzuf.net/jobs/careers/Alfanar-Egypt-58564,"Cairo, Egypt",1976,Construction - Industrial Facilities and Infrastructure,More than 1000 employees
Town Team,https://wuzzuf.net/jobs/careers/Town-Team-Egypt-18463,"Gharbia, Egypt",Foundation date not provided,Industry not provided,Size not provided
Signature Technology DMCC,https://wuzzuf.net/jobs/careers/Signature Technology DMCC-United Arab Emirates-94616,"Dubai, United Arab Emirates",Foundation date not provided,Industry not provided,Size not provided
Tartoussieh Engineering & Trading Co,https://wuzzuf.net/jobs/careers/Tartoussieh-for-Engineering-Egypt-27005,Egypt,1945,Engineering Services,51-100 employees
Mercury Visual Solutions ,https://wuzzuf.net/jobs/careers/Mercury Visual Solutions-Egypt-95068,Egypt,Foundation date not provided,Industry not provided,Size not provided
"The Micro, Small & Medium Enterprise Development Agency ",https://wuzzuf.net/jobs/careers/The-Micro--Small--amp--Medium-Enterprise-Development-Agency-Egypt-43065,"Giza, Egypt",1991,Business Services - Other,More than 1000 employees
TechAdemics,https://wuzzuf.net/jobs/careers/TechAdemics-Egypt-55889,"Cairo, Egypt",Foundation date not provided,Industry not provided,Size not provided
Upwyde,https://wuzzuf.net/jobs/careers/Upwyde-Egypt-76587,Egypt,Foundation date not provided,Industry not provided,Size not provided
Premier Services and Recruitment Overseas ,https://wuzzuf.net/jobs/careers/Premier-Services-and-Recruitment-Egypt-30005,"Cairo, Egypt",Foundation date not provided,Industry not provided,Size not provided
Queen Tech Solutions,https://wuzzuf.net/jobs/careers/Queen-Tech-Solutions-Egypt-16621,"Cairo, Egypt",2006,Computer Software,51-100 employees
Zewail City,https://wuzzuf.net/jobs/careers/Zewail-City-Egypt-2881,"Giza, Egypt",2011,Higher Education,501-1000 employees
Lumin,https://wuzzuf.net/jobs/careers/Excel-Systems-LLC-Egypt-13729,"Giza, Egypt",2002,Information Technology Services,51-100 employees
Mazloum Real Estate,https://wuzzuf.net/jobs/careers/Mazloum-Real-Estate-Egypt-85128,Egypt,Foundation date not provided,Industry not provided,51-100 employees
Advanced Solutions,https://wuzzuf.net/jobs/careers/Advanced-Solutions-Philippines-70579,"Cairo, Egypt",2001,Information Technology Services,11-50 employees
engineering tracks,https://wuzzuf.net/jobs/careers/engineering-tracks-Egypt-50528,"Cairo, Egypt",Foundation date not provided,Industry not provided,Size not provided
Asass,https://wuzzuf.net/jobs/careers/Asass-13531,"Cairo, Egypt",2011,Construction - Industrial Facilities and Infrastructure,101-500 employees
PSH,https://wuzzuf.net/jobs/careers/PSH-Egypt-81542,"Cairo, Egypt",1999,Computer Software,51-100 employees
Techno Management,https://wuzzuf.net/jobs/careers/Techno-Managemenet-Egypt-7889,"Cairo, Egypt",Foundation date not provided,Industry not provided,Size not provided
egabi solutions,https://wuzzuf.net/jobs/careers/Egabi-Solutions-Egypt-58526,"Cairo, Egypt",1999,Computer Software,101-500 employees
El Khamis Hydraulic Company ,https://wuzzuf.net/jobs/careers/El Khamis Hydraulic Company-Egypt-95026,"Cairo, Egypt",Foundation date not provided,Industry not provided,Size not provided
Delivery-tech,https://wuzzuf.net/jobs/careers/Delivery-tech-United-States-63355,"San Diego, United States",2009,Marketing and Advertising,51-100 employees
Orient,https://wuzzuf.net/jobs/careers/Orient-Egypt-17201,"Cairo, Egypt",1946,Chemicals,101-500 employees
Vzadi.com,https://wuzzuf.net/jobs/careers/Vzadi.com-Egypt-94985,"Giza, Egypt",2023,Computer and Network Security,11-50 employees
Bright Vision  ,https://wuzzuf.net/jobs/careers/Bright Vision-Egypt-74394,"Giza, Egypt",2018,Computer Games,11-50 employees
El Teriak Industrial Group,https://wuzzuf.net/jobs/careers/El-Teriak-Industrial-Group-Egypt-17942,"Cairo, Egypt",1980,Agriculture/Fishing/Farming,Size not provided
Dentsu Inc,https://wuzzuf.net/jobs/careers/Dentsu Inc-Saudi Arabia-94695,"Riyadh, Saudi Arabia",Foundation date not provided,Industry not provided,Size not provided
TIS,https://wuzzuf.net/jobs/careers/TIS-Saudi Arabia-94883,"Riyadh, Saudi Arabia",Foundation date not provided,Industry not provided,Size not provided
Efada Technology,https://wuzzuf.net/jobs/careers/Efada-Technology-Egypt-14085,"Cairo, Egypt",2008,Information Technology Services,51-100 employees
iono tech,https://wuzzuf.net/jobs/careers/iono tech-Egypt-94935,Egypt,Foundation date not provided,Industry not provided,Size not provided
Khodar.com,https://wuzzuf.net/jobs/careers/Khodar-Trading-and-Marketing-Egypt-53155,"Cairo, Egypt",2019,Internet/E-commerce,101-500 employees
Zamil Steel Buildings Co,https://wuzzuf.net/jobs/careers/Zamil-Steel-Buildings-Co-Egypt-12650,"Giza, Egypt",Foundation date not provided,Industry not provided,Size not provided
LINK Development,https://wuzzuf.net/jobs/careers/A15-Egypt-15576,"Cairo, Egypt",Foundation date not provided,Industry not provided,Size not provided
LoadServ,https://wuzzuf.net/jobs/careers/LoadServ-Egypt-94914,"Cairo, Egypt",2009,Computer Software,11-50 employees
Dimofinf Operations Center,https://wuzzuf.net/jobs/careers/Dimofinf-Operations-Center-Egypt-56,"Cairo, Egypt",1998,Information Technology Services,51-100 employees
Zawaya,https://wuzzuf.net/jobs/careers/Zawaya-Egypt-17301,"Cairo, Egypt",2014,Business Supplies and Equipment,Size not provided
Afaqy,https://wuzzuf.net/jobs/careers/Afaqy-Egypt-28121,"Cairo, Egypt",2005,Automotive,101-500 employees
Sequel Solutions,https://wuzzuf.net/jobs/careers/Care-Dental-Egypt-27404,"Cairo, Egypt",2017,Outsourcing/Offshoring,1-10 employees
2oolAmeme,https://wuzzuf.net/jobs/careers/2oolAmeme-Egypt-94877,"Cairo, Egypt",2020,Computer Games,1-10 employees
Mc Ledger,https://wuzzuf.net/jobs/careers/Cyber-Accounting-Services-L-L-C-United-Arab-Emirates-34892,"Giza, Egypt",2018,Accounting and Auditing Services,11-50 employees
Sierra Engineering & Manufacturing,https://wuzzuf.net/jobs/careers/Sierra-GCF-Egypt-11587,"Cairo, Egypt",Foundation date not provided,Industry not provided,Size not provided
Kenzz,https://wuzzuf.net/jobs/careers/Kenzz-Egypt-94892,"Cairo, Egypt",Foundation date not provided,Industry not provided,Size not provided
Could not find company name,https://wuzzuf.net/jobs/careers/Ibn-Sina-Pharma-Egypt-7249,Location not provided,Foundation date not provided,Industry not provided,Size not provided
Dubai Egypt Sweden,https://wuzzuf.net/jobs/careers/Dubai-Egypt-Sweden-Egypt-13844,"Cairo, Egypt",Foundation date not provided,Industry not provided,Size not provided
TA telecom,https://wuzzuf.net/jobs/careers/TA-telecom-Egypt-60503,"Cairo, Egypt",Foundation date not provided,Industry not provided,Size not provided
Al Ahly Medical Company,https://wuzzuf.net/jobs/careers/Al-Ahly-Medical-Company-Egypt-7459,"Giza, Egypt",Foundation date not provided,Industry not provided,Size not provided
Air Arabia,https://wuzzuf.net/jobs/careers/Air-Arabia-United-Arab-Emirates-24864,"Cairo, Egypt",Foundation date not provided,Industry not provided,Size not provided
TensorGraph,https://wuzzuf.net/jobs/careers/TensorGraph-Egypt-32724,"Cairo, Egypt",2018,Computer Software,11-50 employees
BrightCap Ventures,https://wuzzuf.net/jobs/careers/BrightCap Ventures-Egypt-94853,"Cairo, Egypt",Foundation date not provided,Industry not provided,Size not provided
Mantrac,https://wuzzuf.net/jobs/careers/Mantrac-Egypt-27769,"Cairo, Egypt",1980,Construction - Industrial Facilities and Infrastructure,Size not provided
NAGADA,https://wuzzuf.net/jobs/careers/NAGADA-Egypt-13265,"Giza, Egypt",Foundation date not provided,Industry not provided,Size not provided
Al Amin Technological Systems,https://wuzzuf.net/jobs/careers/AlAmin-Egypt-27680,"Cairo, Egypt",1980,Banking,Size not provided
Dataline technology company,https://wuzzuf.net/jobs/careers/Dataline technology company-Qatar-94835,Qatar,Foundation date not provided,Industry not provided,Size not provided
Options,https://wuzzuf.net/jobs/careers/Options-Egypt-32852,"Red Sea, Egypt",2018,Outsourcing/Offshoring,1-10 employees
Softxpert Incorporation ,https://wuzzuf.net/jobs/careers/Softxpert-Incorporation-Egypt-3527,"Alexandria, Egypt",Foundation date not provided,Industry not provided,Size not provided
INTERPAC,https://wuzzuf.net/jobs/careers/INTERPAC-Egypt-38476,"Cairo, Egypt",Foundation date not provided,Industry not provided,Size not provided
Kashier Payment Solutions,https://wuzzuf.net/jobs/careers/Elements-Financial-Technologies-Egypt-48104,"Cairo, Egypt",2017,Information Technology Services,Size not provided
e Aswaaq Misr,https://wuzzuf.net/jobs/careers/E-Aswaq-Misr-Egypt-54731,"Giza, Egypt",Foundation date not provided,Industry not provided,Size not provided
Smartly,https://wuzzuf.net/jobs/careers/Starware-Egypt-31451,"Cairo, Egypt",Foundation date not provided,Industry not provided,Size not provided
Mimocodes,https://wuzzuf.net/jobs/careers/Mimocodes-Egypt-60819,"Cairo, Egypt",2018,Computer Software,Size not provided
PICO,https://wuzzuf.net/jobs/careers/PICO-Egypt-1595,"Cairo, Egypt",Foundation date not provided,Industry not provided,Size not provided
Arabian Systems,https://wuzzuf.net/jobs/careers/Arabian-Systems-Egypt-39379,"Cairo, Egypt",2018,Computer Software,51-100 employees
Egypt HiTech  ,https://wuzzuf.net/jobs/careers/Egypt HiTech-Egypt-91221,"Dakahlia, Egypt",2011,Computer Software,1-10 employees
ERP-Bank,https://wuzzuf.net/jobs/careers/ERP-Bank-Egypt-88090,"Alexandria, Egypt",Foundation date not provided,Industry not provided,Size not provided
"Do Localize, Ltd.",https://wuzzuf.net/jobs/careers/L10N-House--LTD--Egypt-35218,"Giza, Egypt",2012,Translation and Localization,11-50 employees
A1Softech,https://wuzzuf.net/jobs/careers/A1Softech-Egypt-12248,"Cairo, Egypt",2013,Computer Software,101-500 employees
CompactSoft International ,https://wuzzuf.net/jobs/careers/CompactSoft-Egypt-27512,"Cairo, Egypt",Foundation date not provided,Industry not provided,Size not provided
Health Insights Group,https://wuzzuf.net/jobs/careers/Health-Insights-Group-Egypt-78815,"Cairo, Egypt",Foundation date not provided,Industry not provided,Size not provided
New Plan ,https://wuzzuf.net/jobs/careers/AlKhalil-Egypt-32501,"Cairo, Egypt",2018,Real Estate/Property Management,51-100 employees
Callvita,https://wuzzuf.net/jobs/careers/Callvita-United-States-40801,"Cairo, Egypt",2019,Computer Software,1-10 employees
British University of Egypt,https://wuzzuf.net/jobs/careers/British-University-of-Egypt-Egypt-70684,"Cairo, Egypt",Foundation date not provided,Industry not provided,Size not provided
Alexandria For Programming,https://wuzzuf.net/jobs/careers/Alexandria-for-programming-Egypt-6203,"Alexandria, Egypt",2008,Computer Software,11-50 employees
New Energy EV,https://wuzzuf.net/jobs/careers/-93422,Egypt,2014,Automotive,1-10 employees
Roya Developments,https://wuzzuf.net/jobs/careers/Roya-Developments-Egypt-72895,"Cairo, Egypt",2008,Real Estate/Property Management,Size not provided
Shifa Egypt,https://wuzzuf.net/jobs/careers/Shifa-Egypt-Egypt-48388,"Cairo, Egypt",2019,Healthcare and Medical Services,Size not provided
Silicon21,https://wuzzuf.net/jobs/careers/Silicon21-Egypt-3613,"Cairo, Egypt",1996,Computer Networking,101-500 employees
Masria Digital Payment (MDP),https://wuzzuf.net/jobs/careers/Masria-Card-Egypt-12728,"Cairo, Egypt",1985,Banking,501-1000 employees
Edu-Zone,https://wuzzuf.net/jobs/careers/Edu-Zone-Egypt-23772,"Cairo, Egypt",2016,Education,1-10 employees
Puzzle,https://wuzzuf.net/jobs/careers/Puzzle-Egypt-94656,"Alexandria, Egypt",2021,Marketing and Advertising,Size not provided
Guestna,https://wuzzuf.net/jobs/careers/Guestna-Saudi Arabia-94208,"Riyadh, Saudi Arabia",Foundation date not provided,Industry not provided,Size not provided
Aman,https://wuzzuf.net/jobs/careers/Aman-Egypt-18390,"Giza, Egypt",Foundation date not provided,Industry not provided,Size not provided
TRAUXIT,https://wuzzuf.net/jobs/careers/TRAUXIT-Egypt-94646,Egypt,Foundation date not provided,Industry not provided,Size not provided
Kellogg Tolaram Noodles Egypt LLC,https://wuzzuf.net/jobs/careers/Kellogg-Tolaram-Noodles-Egypt-LLC-Egypt-43972,"Cairo, Egypt",Foundation date not provided,Industry not provided,Size not provided
Johnson Controls,https://wuzzuf.net/jobs/careers/Johnson-Controls-Saudi-Arabia-45733,"Cairo, Egypt",1991,Engineering Services,More than 1000 employees
Khales,https://wuzzuf.net/jobs/careers/Khales-Egypt-52822,Egypt,Foundation date not provided,Industry not provided,Size not provided
Marketopia,https://wuzzuf.net/jobs/careers/Marketopia-Egypt-49918,"Cairo, Egypt",2013,Marketing and Advertising,Size not provided
Naia Developments,https://wuzzuf.net/jobs/careers/Naia-Developments-Egypt-89653,Egypt,Foundation date not provided,Industry not provided,Size not provided
INDEVCO,https://wuzzuf.net/jobs/careers/Indevco-Lebanon-21008,"Giza, Egypt",Foundation date not provided,Industry not provided,Size not provided
Capleo Globle,https://wuzzuf.net/jobs/careers/Capleo Globle-India-94576,India,Foundation date not provided,Industry not provided,Size not provided
EDRAK Software,https://wuzzuf.net/jobs/careers/EDRAK-Software-Egypt-10075,"Cairo, Egypt",2009,Computer Software,11-50 employees
Transmar International ,https://wuzzuf.net/jobs/careers/Transmar-International--Egypt-20249,"Cairo, Egypt",1979,Other - Not Classified,101-500 employees
Interactive Limited/Carma Group,https://wuzzuf.net/jobs/careers/Interactive-Limited-United-Arab-Emirates-82959,"Giza, Egypt",Foundation date not provided,Industry not provided,Size not provided
SHAWAHID ROADS INDUSTRIAL COMPANY ,https://wuzzuf.net/jobs/careers/SHAWAHID ROADS INDUSTRIAL COMPANY-Egypt-92174,"Cairo, Egypt",2010,Construction - Industrial Facilities and Infrastructure,101-500 employees
Sprints.ai,https://wuzzuf.net/jobs/careers/Sprints-ai-Egypt-44269,"Cairo, Egypt",2019,Automotive,1-10 employees
Melco-Mec Egypt for Elevators & Escalators - Mitsubishi,https://wuzzuf.net/jobs/careers/Melco-Mec-Egypt-for-Elevators---Escalators---Mitsubishi-Egypt-4423,"Giza, Egypt",Foundation date not provided,Industry not provided,Size not provided
Shotmed,https://wuzzuf.net/jobs/careers/Shotmed-Egypt-94154,Egypt,Foundation date not provided,Industry not provided,Size not provided
Arabia for Information Technology,https://wuzzuf.net/jobs/careers/Arabia-for-Information-Technology-Egypt-10379,"Cairo, Egypt",2002,Computer Software,Size not provided
EFS,https://wuzzuf.net/jobs/careers/EFS-Egypt-28514,"Cairo, Egypt",2015,Marine Manufacturing & Services,Size not provided
Optasia,https://wuzzuf.net/jobs/careers/Channel-IT-Egypt-Egypt-6789,"Cairo, Egypt",Foundation date not provided,Industry not provided,Size not provided
"Izam, inc.",https://wuzzuf.net/jobs/careers/Izam--inc--Egypt-39467,"Giza, Egypt",2009,Computer Software,Size not provided
Objects,https://wuzzuf.net/jobs/careers/Objects-Egypt-4204,"Alexandria, Egypt",2011,Information Technology Services,51-100 employees
Royal Investment,https://wuzzuf.net/jobs/careers/Royal-Investment-Egypt-72847,"Cairo, Egypt",Foundation date not provided,Industry not provided,Size not provided
COREations,https://wuzzuf.net/jobs/careers/COREations-Egypt-52571,"Giza, Egypt",2010,Marketing and Advertising,11-50 employees
Sutherland,https://wuzzuf.net/jobs/careers/Sutherland-Global-Services-Egypt-1009,"Alexandria, Egypt",1986,Telecommunications,More than 1000 employees
EpsilonAI,https://wuzzuf.net/jobs/careers/EpsilonAI-Egypt-65111,"Cairo, Egypt",Foundation date not provided,Industry not provided,Size not provided
Universities of Canada in Egypt,https://wuzzuf.net/jobs/careers/Universities-of-Canada-in-Egypt-9537,"Cairo, Egypt",2018,Higher Education,101-500 employees
El Mohandess Print House,https://wuzzuf.net/jobs/careers/EL-Mohandess-Press-Egypt-4674,"Sharqia, Egypt",1984,Manufacturing,501-1000 employees
Impactyn,https://wuzzuf.net/jobs/careers/Impactyn-Egypt-92524,Egypt,Foundation date not provided,Industry not provided,Size not provided
Fintech solutions,https://wuzzuf.net/jobs/careers/--87220,"Cairo, Egypt",Foundation date not provided,Industry not provided,Size not provided
Elkenany Group,https://wuzzuf.net/jobs/careers/commodity-physical-trading-Egypt-64206,"Cairo, Egypt",2008,Marketing and Advertising,51-100 employees
FRIDAL,https://wuzzuf.net/jobs/careers/FRIDAL-Egypt-14596,"Giza, Egypt",Foundation date not provided,Industry not provided,Size not provided
Arlation Media Services,https://wuzzuf.net/jobs/careers/Arlation-Media-Services-Egypt-25289,"Giza, Egypt",2016,Broadcasting and Film,51-100 employees
TIC,https://wuzzuf.net/jobs/careers/TIC-Egypt-78517,"Cairo, Egypt",Foundation date not provided,Industry not provided,Size not provided
Rednet It Services,https://wuzzuf.net/jobs/careers/Rednet-It-Services-Egypt-5365,"Cairo, Egypt",2010,Computer Software,11-50 employees
Moltaqa,https://wuzzuf.net/jobs/careers/Moltaqa-Egypt-92196,"Dakahlia, Egypt",2018,Marketing and Advertising,Size not provided
Konnekt Union,https://wuzzuf.net/jobs/careers/Konnekt-Union-Egypt-46555,"Cairo, Egypt",Foundation date not provided,Industry not provided,Size not provided
Jaffangroup,https://wuzzuf.net/jobs/careers/Jaffangroup-Egypt-39184,"Cairo, Egypt",Foundation date not provided,Industry not provided,Size not provided
altameerarabian,https://wuzzuf.net/jobs/careers/altameerarabian-Egypt-78577,"Cairo, Egypt",Foundation date not provided,Industry not provided,Size not provided
Integrated Technology Group,https://wuzzuf.net/jobs/careers/Integrated-Technology-Group-Egypt-11822,"Cairo, Egypt",Foundation date not provided,Industry not provided,Size not provided
iSON Xperiences Egypt,https://wuzzuf.net/jobs/careers/Wasla-Outsourcing-Egypt-4324,"Cairo, Egypt",2003,Outsourcing/Offshoring,More than 1000 employees
QARA,https://wuzzuf.net/jobs/careers/QARA-Egypt-73559,"Cairo, Egypt",2022,Information Technology Services,51-100 employees
Royal Sky,https://wuzzuf.net/jobs/careers/Royal-Sky-Egypt-91270,"Cairo, Egypt",2016,Consulting Services,51-100 employees
YOUXEl Technology,https://wuzzuf.net/jobs/careers/YOUXEl-Technology-Egypt-90861,Egypt,Foundation date not provided,Industry not provided,Size not provided
Order King,https://wuzzuf.net/jobs/careers/Order-King-Egypt-88776,"Cairo, Egypt",Foundation date not provided,Industry not provided,Size not provided
Finding From Egy ,https://wuzzuf.net/jobs/careers/Finding From Egy-Egypt-92695,"Alexandria, Egypt",2023,Marketing and Advertising,1-10 employees
TMA For Industrial Supplies,https://wuzzuf.net/jobs/careers/TMA-For-Industrial-Supplies-Egypt-38580,"Cairo, Egypt",2007,Engineering Services,11-50 employees
Ether Technology,https://wuzzuf.net/jobs/careers/-85181,"Cairo, Egypt",Foundation date not provided,Industry not provided,Size not provided
Egyptian Integration,https://wuzzuf.net/jobs/careers/Egyptian Integration-Egypt-94234,Egypt,Foundation date not provided,Industry not provided,Size not provided
ACML - Egypt,https://wuzzuf.net/jobs/careers/ACML - Egypt-Egypt-94462,Egypt,Foundation date not provided,Industry not provided,Size not provided
Seldar Egypt,https://wuzzuf.net/jobs/careers/Seldar-Egypt-Egypt-30370,"Cairo, Egypt",1990,Real Estate/Property Management,Size not provided
appcorp,https://wuzzuf.net/jobs/careers/AppCorp-Egypt-51594,"Cairo, Egypt",2015,Information Technology Services,11-50 employees
Parkville Pharmaceuticals,https://wuzzuf.net/jobs/careers/Parkville-Pharmaceuticals-Egypt-9968,"Cairo, Egypt",2006,Pharmaceuticals,101-500 employees
Millensys,https://wuzzuf.net/jobs/careers/Millensys-Egypt-17673,"Cairo, Egypt",2008,Computer Software,11-50 employees
Dolf,https://wuzzuf.net/jobs/careers/Dolf-Egypt-27171,"Cairo, Egypt",Foundation date not provided,Industry not provided,Size not provided
Lecon,https://wuzzuf.net/jobs/careers/Lecon-Egypt-87754,"Cairo, Egypt",2020,Architectural and Design Services,11-50 employees
RTR Software Solutions ,https://wuzzuf.net/jobs/careers/Nakheel-Egypt-85138,"Cairo, Egypt",Foundation date not provided,Industry not provided,Size not provided
Sky Distribution,https://wuzzuf.net/jobs/careers/Sky-Distribution-Egypt-20983,"Giza, Egypt",Foundation date not provided,Industry not provided,Size not provided
InstaShop,https://wuzzuf.net/jobs/careers/InstaShop-Egypt-33211,"Giza, Egypt",2015,Internet/E-commerce,501-1000 employees
Elfostat Company for import and export,https://wuzzuf.net/jobs/careers/Elfostat Company for import and export-Egypt-94436,Egypt,Foundation date not provided,Industry not provided,Size not provided
شركه طنطا موتورز,https://wuzzuf.net/jobs/careers/Ø´Ø±ÙƒÙ‡-Ø·Ù†Ø·Ø§-Ù…ÙˆØªÙˆØ±Ø²-Egypt-42744,"Cairo, Egypt",Foundation date not provided,Industry not provided,Size not provided
Max Muscle,https://wuzzuf.net/jobs/careers/Max-Muscle-Egypt-24434,"Cairo, Egypt",2009,"Health, Wellness and Fitness",101-500 employees
eGate Egypt,https://wuzzuf.net/jobs/careers/eGate Egypt-Egypt-94434,Egypt,Foundation date not provided,Industry not provided,Size not provided
Majorel Egypt,https://wuzzuf.net/jobs/careers/Majorel-Egypt-388,"Cairo, Egypt",2019,Outsourcing/Offshoring,More than 1000 employees
Fawry Microfinance ,https://wuzzuf.net/jobs/careers/Fawry-Microfinance-Egypt-41319,"Giza, Egypt",Foundation date not provided,Industry not provided,Size not provided
cCc callcenter and Digital Marketing,https://wuzzuf.net/jobs/careers/MENA-Connect-Egypt-90172,"Cairo, Egypt",2023,Marketing and Advertising,11-50 employees
CTO for startups,https://wuzzuf.net/jobs/careers/CTO for startups-United Arab Emirates-94384,United Arab Emirates,Foundation date not provided,Industry not provided,Size not provided
Economic Group ,https://wuzzuf.net/jobs/careers/Economic-Group-Egypt-92844,"Qalubia, Egypt",2017,Food and Beverage Production,Size not provided
Solutions,https://wuzzuf.net/jobs/careers/Solutions-Egypt-13670,"Giza, Egypt",Foundation date not provided,Industry not provided,Size not provided
Intelcia,https://wuzzuf.net/jobs/careers/Intelcia-21580,"Cairo, Egypt",2021,Telecommunications,More than 1000 employees
Ascon Advanced Solutions & Consultant,https://wuzzuf.net/jobs/careers/Ascon-Advanced-Solutions--amp--Consultant-Egypt-26156,"Alexandria, Egypt",Foundation date not provided,Industry not provided,Size not provided
The Portal,https://wuzzuf.net/jobs/careers/The-Portal-Egypt-33057,"Cairo, Egypt",2010,Marketing and Advertising,11-50 employees
شيلتر تكنولوجي,https://wuzzuf.net/jobs/careers/Ø´ÙŠÙ„ØªØ±-ØªÙƒÙ†ÙˆÙ„ÙˆØ¬ÙŠ-Egypt-65194,"Cairo, Egypt",2021,Computer Software,11-50 employees
Sinmar Soft ,https://wuzzuf.net/jobs/careers/Sinmar Soft-Egypt-81792,"Cairo, Egypt",1995,Computer Software,11-50 employees
Peerless,https://wuzzuf.net/jobs/careers/Peerless-Egypt-32493,"Giza, Egypt",2007,Marketing and Advertising,11-50 employees
Quick Services,https://wuzzuf.net/jobs/careers/Quick Services-Egypt-94315,"Cairo, Egypt",2015,Computer Software,11-50 employees
Post Distribution Company ,https://wuzzuf.net/jobs/careers/Post Distribution Company-Egypt-87544,"Cairo, Egypt",2007,Logistics and Supply Chain,More than 1000 employees
Alumil,https://wuzzuf.net/jobs/careers/Alumil-Egypt-10721,"Cairo, Egypt",Foundation date not provided,Industry not provided,Size not provided
Balanced Education Company,https://wuzzuf.net/jobs/careers/New-Generation-international-Schools-Egypt-42986,"Cairo, Egypt",Foundation date not provided,Industry not provided,Size not provided
Delta American School ,https://wuzzuf.net/jobs/careers/Delta-American-School-Egypt-45249,"Dakahlia, Egypt",Foundation date not provided,Industry not provided,Size not provided
Shahbandr,https://wuzzuf.net/jobs/careers/Shahbandr-Egypt-94295,"Cairo, Egypt",Foundation date not provided,Industry not provided,Size not provided
Sweet Memory travel,https://wuzzuf.net/jobs/careers/Sweet Memory travel-Egypt-94292,"Cairo, Egypt",Foundation date not provided,Industry not provided,1-10 employees
Loc-Camp,https://wuzzuf.net/jobs/careers/Loc-Camp-Egypt-36590,"Giza, Egypt",2013,Translation and Localization,11-50 employees
BRISK Business Inc.,https://wuzzuf.net/jobs/careers/BRISK-Business-Inc--United-States-32763,Egypt,2013,Management Consulting,11-50 employees
ORGANI GROUP,https://wuzzuf.net/jobs/careers/Sinai-Sons-Company-Egypt-64842,Egypt,Foundation date not provided,Industry not provided,Size not provided
Mohandes Life Insurance ,https://wuzzuf.net/jobs/careers/Mohandes Life Insurance-Egypt-88036,"Giza, Egypt",1980,Insurance,101-500 employees
Seena - سينا,https://wuzzuf.net/jobs/careers/Seena - Ø³ÙŠÙ†Ø§-Egypt-94040,"Cairo, Egypt",Foundation date not provided,Industry not provided,11-50 employees
Egypt University of Informatics (EUI),https://wuzzuf.net/jobs/careers/Egypt-University-of-Informatics--EUI--Egypt-64045,"Cairo, Egypt",Foundation date not provided,Industry not provided,Size not provided
Rubyred Garment,https://wuzzuf.net/jobs/careers/Rubyred-Garment-Egypt-16370,"Alexandria, Egypt",2006,Manufacturing,More than 1000 employees
ZINAD IT,https://wuzzuf.net/jobs/careers/ZINAD-IT-Egypt-30253,"Cairo, Egypt",Foundation date not provided,Industry not provided,Size not provided
Bydotpy,https://wuzzuf.net/jobs/careers/Bydotpy-Egypt-81534,"Cairo, Egypt",2020,Computer Software,11-50 employees
MegaSoft,https://wuzzuf.net/jobs/careers/MegaSoft-Egypt-4107,"Cairo, Egypt",1998,Information Technology Services,51-100 employees
RDI,https://wuzzuf.net/jobs/careers/RDI-Egypt-5083,"Giza, Egypt",1993,Computer Software,51-100 employees
Crowe Egypt - Dr Khaled Abdelaziz Hegazy,https://wuzzuf.net/jobs/careers/Crowe-Egypt---Dr-Khaled-Abdelaziz-Hegazy-Egypt-55293,"Cairo, Egypt",Foundation date not provided,Industry not provided,Size not provided
Shebak,https://wuzzuf.net/jobs/careers/Shebak-Egypt-17288,"Cairo, Egypt",2016,Information Technology Services,1-10 employees
Swakli Digital Events,https://wuzzuf.net/jobs/careers/Swakli Digital Events-United Arab Emirates-94196,United Arab Emirates,Foundation date not provided,Industry not provided,Size not provided
Windrose Academy,https://wuzzuf.net/jobs/careers/WindRose-Acadamey-Egypt-19750,"Cairo, Egypt",Foundation date not provided,Industry not provided,Size not provided
British Council,https://wuzzuf.net/jobs/careers/British-Council-Egypt-36413,"Cairo, Egypt",1938,Higher Education,501-1000 employees
Multi Level Group (MLG),https://wuzzuf.net/jobs/careers/Multi-Level-Group--MLG--United-Arab-Emirates-75942,"Cairo, Egypt",Foundation date not provided,Industry not provided,Size not provided
Hayati SRL,https://wuzzuf.net/jobs/careers/Hayati SRL-Romania-93617,Romania,Foundation date not provided,Industry not provided,Size not provided
EVA Cosmetics ,https://wuzzuf.net/jobs/careers/EVA-Cosmetics-Egypt-8243,"Giza, Egypt",1972,Cosmetics,501-1000 employees
Al Rabat,https://wuzzuf.net/jobs/careers/Al-Rabat-Egypt-4007,"Cairo, Egypt",1985,Construction - Industrial Facilities and Infrastructure,51-100 employees
Interact Technology Solutions,https://wuzzuf.net/jobs/careers/Interact-Technology-Solutions-Egypt-7185,"Cairo, Egypt",1996,Computer and Network Security,101-500 employees
DAK Steel - Construction,https://wuzzuf.net/jobs/careers/DAK Steel - Construction-Egypt-94131,"Giza, Egypt",2019,Construction - Industrial Facilities and Infrastructure,11-50 employees
Al Soug-Cashi,https://wuzzuf.net/jobs/careers/Al-Soug-Cashi-Egypt-86358,"Cairo, Egypt",2016,Computer Software,Size not provided
Egypt Kuwait Holding,https://wuzzuf.net/jobs/careers/Egypt-Kuwait-Holding-Egypt-40064,"Giza, Egypt",Foundation date not provided,Industry not provided,Size not provided
Al-hakeema,https://wuzzuf.net/jobs/careers/Al-hakeema-Egypt-72184,"Cairo, Egypt",2017,Healthcare and Medical Services,51-100 employees
taknia systems,https://wuzzuf.net/jobs/careers/taknia systems-Egypt-94025,"Qalubia, Egypt",2008,Computer Software,Size not provided
Orange Studio,https://wuzzuf.net/jobs/careers/Orange-Studio-Egypt-13924,"Cairo, Egypt",2002,Computer Software,11-50 employees
Waseet.net,https://wuzzuf.net/jobs/careers/Alsahab Global-Egypt-86243,"Cairo, Egypt",2010,Marketing and Advertising,101-500 employees
GoodsMart Not Verified,https://wuzzuf.net/jobs/careers/GoodsMart-Egypt-94092,Egypt,Foundation date not provided,Industry not provided,Size not provided
Target Recruitment  & HR Solutions ,https://wuzzuf.net/jobs/careers/Target-Recruitment----HR-Solutions-Egypt-2029,"Alexandria, Egypt",2006,Human Resources,11-50 employees
Micro Engineering,https://wuzzuf.net/jobs/careers/MEEG-Egypt-16608,"Cairo, Egypt",2010,Computer Software,11-50 employees
Horizon Not Verified,https://wuzzuf.net/jobs/careers/Horizon-United Arab Emirates-94058,United Arab Emirates,Foundation date not provided,Industry not provided,Size not provided
Indegree,https://wuzzuf.net/jobs/careers/Indegree-Egypt-94064,Egypt,Foundation date not provided,Industry not provided,Size not provided
Hands of Hope Physical Therapy & Wellness,https://wuzzuf.net/jobs/careers/--76168,"Cairo, Egypt",Foundation date not provided,Industry not provided,Size not provided
Ulemt,https://wuzzuf.net/jobs/careers/Ulemt-Egypt-21777,"Cairo, Egypt",2011,Marketing and Advertising,501-1000 employees
Data Science,https://wuzzuf.net/jobs/careers/Data-Science-Egypt-91120,"Giza, Egypt",Foundation date not provided,Industry not provided,Size not provided
Elabd Foods,https://wuzzuf.net/jobs/careers/Elabd-Foods-Egypt-7864,"Giza, Egypt",Foundation date not provided,Industry not provided,Size not provided
AL MASHARIQ ,https://wuzzuf.net/jobs/careers/ASK-CLIENT-Egypt-36981,"Cairo, Egypt",1978,Construction - Residential & Commercial/Office,More than 1000 employees
Elite Education Group,https://wuzzuf.net/jobs/careers/Elite-International-School-Egypt-39768,Egypt,Foundation date not provided,Industry not provided,Size not provided
Thaka International,https://wuzzuf.net/jobs/careers/Thaka-International-Saudi-Arabia-80979,"Cairo, Egypt",Foundation date not provided,Industry not provided,11-50 employees
Talaat Moustafa Group,https://wuzzuf.net/jobs/careers/Talaat-Moustafa-Group-Egypt-3106,Egypt,Foundation date not provided,Industry not provided,Size not provided
Bluebell Pharmaceuticals ,https://wuzzuf.net/jobs/careers/Bluebell-Pharmaceuticals-Egypt-29144,"Cairo, Egypt",2013,Cosmetics,Size not provided
Grifols Egypt for Plasma Derivatives,https://wuzzuf.net/jobs/careers/-80178,"Cairo, Egypt",Foundation date not provided,Industry not provided,501-1000 employees
StudentGator,https://wuzzuf.net/jobs/careers/StudentGator-Egypt-94003,"Giza, Egypt",2019,Information Technology Services,11-50 employees
Coral Technology,https://wuzzuf.net/jobs/careers/Coral-Technology-Egypt-39063,"Cairo, Egypt",Foundation date not provided,Industry not provided,Size not provided
GPS,https://wuzzuf.net/jobs/careers/elmoasserbooks-Egypt-37460,"Cairo, Egypt",1948,Publishing and Printing,More than 1000 employees
Caduceus Lane,https://wuzzuf.net/jobs/careers/Caduceus-Lane-Egypt-6198,"Alexandria, Egypt",Foundation date not provided,Industry not provided,Size not provided
INTERNET SOLUTIONS,https://wuzzuf.net/jobs/careers/INTERNeT-SOLUTIONS-Egypt-22057,"Cairo, Egypt",2008,Internet/E-commerce,11-50 employees
TechJump,https://wuzzuf.net/jobs/careers/IT-Experts-Egypt-89172,"Alexandria, Egypt",2019,Computer Software,11-50 employees
VFS Global Egypt,https://wuzzuf.net/jobs/careers/-7863,"Cairo, Egypt",2001,Travel and Tourism,501-1000 employees
National Technology,https://wuzzuf.net/jobs/careers/National-Technology-Egypt-5626,"Cairo, Egypt",1997,Information Technology Services,101-500 employees
Selah ElTelmeez For Publishing & printing,https://wuzzuf.net/jobs/careers/Selah-ElTelmeez-For-Publishing---printing-Egypt-31447,Egypt,1960,Education,501-1000 employees
Webhelp,https://wuzzuf.net/jobs/careers/Webhelp-Egypt-57662,"Cairo, Egypt",2000,Outsourcing/Offshoring,501-1000 employees
Selftreat,https://wuzzuf.net/jobs/careers/Selftreat-Lithuania-93909,"Vilnius, Lithuania",Foundation date not provided,Industry not provided,Size not provided
Human Quality,https://wuzzuf.net/jobs/careers/Human-Quality-Egypt-32384,"Cairo, Egypt",Foundation date not provided,Industry not provided,Size not provided
Itechs,https://wuzzuf.net/jobs/careers/Itechs-Egypt-76484,"Cairo, Egypt",2014,Computer and Network Security,11-50 employees
Aman Holding,https://wuzzuf.net/jobs/careers/Emasa-Egypt-63357,"Cairo, Egypt",Foundation date not provided,Industry not provided,Size not provided
Staron Egypt,https://wuzzuf.net/jobs/careers/Staron-Egypt-Egypt-56323,"Cairo, Egypt",2008,Architectural and Design Services,Size not provided
IT Cores,https://wuzzuf.net/jobs/careers/IT-Cores-Egypt-34561,"Giza, Egypt",2014,Business Services - Other,11-50 employees
ZE LOGIC,https://wuzzuf.net/jobs/careers/ZE LOGIC-Egypt-80290,"Giza, Egypt",Foundation date not provided,Industry not provided,Size not provided
Brilliant Engineering,https://wuzzuf.net/jobs/careers/Brilliant-Engineering-Egypt-11787,"Cairo, Egypt",2011,Engineering Services,51-100 employees
UMX Studio,https://wuzzuf.net/jobs/careers/UMX Studio-Egypt-93885,"Cairo, Egypt",2014,Computer Games,51-100 employees
ESLSCA University,https://wuzzuf.net/jobs/careers/Eslsca-Egypt-7498,Egypt,Foundation date not provided,Industry not provided,Size not provided
Safa Soft,https://wuzzuf.net/jobs/careers/Safa-Tech--Egypt-16743,"Cairo, Egypt",2008,Marketing and Advertising,51-100 employees
Ebla,https://wuzzuf.net/jobs/careers/Ebla-Egypt-33363,Egypt,Foundation date not provided,Industry not provided,Size not provided
PyramidBITS,https://wuzzuf.net/jobs/careers/PyramidBITS-Egypt-35726,"Cairo, Egypt",2016,Business Services - Other,11-50 employees
webSTDY,https://wuzzuf.net/jobs/careers/webSTDY-Egypt-34266,"Giza, Egypt",2012,Computer Software,11-50 employees
4level1,https://wuzzuf.net/jobs/careers/4level1-Egypt-27066,"Cairo, Egypt",2016,Education,Size not provided
Ditech Egypt,https://wuzzuf.net/jobs/careers/Dimensions-Information-Technology-United-Arab-Emirates-55093,"Cairo, Egypt",Foundation date not provided,Industry not provided,Size not provided
Rowaad,https://wuzzuf.net/jobs/careers/Rowaad-Egypt-34790,"Cairo, Egypt",2006,Computer Software,51-100 employees
Advansys for Trading & Contracting,https://wuzzuf.net/jobs/careers/advansys-for-trading--amp--contracting-Egypt-38366,"Cairo, Egypt",2001,Engineering Services,101-500 employees
URANIUM,https://wuzzuf.net/jobs/careers/URANIUM-Egypt-9585,"Cairo, Egypt",2007,Information Technology Services,51-100 employees
Dreem Mashreq Foods ,https://wuzzuf.net/jobs/careers/DREEM---Mashreq-Group-Egypt-7358,"Alexandria, Egypt",Foundation date not provided,Industry not provided,Size not provided
Be Group,https://wuzzuf.net/jobs/careers/Be-4-E-Marketing-Egypt-8577,"Cairo, Egypt",2009,Marketing and Advertising,101-500 employees
FlexFilms Egypt,https://wuzzuf.net/jobs/careers/FlexFilms-Egypt-Egypt-29559,"Giza, Egypt",Foundation date not provided,Industry not provided,Size not provided
SSC Egypt,https://wuzzuf.net/jobs/careers/SSC-Egypt-Egypt-37268,"Cairo, Egypt",2018,Information Technology Services,101-500 employees
شركة توصيل الخليجية للتجارة,https://wuzzuf.net/jobs/careers/Ø´Ø±ÙƒØ© ØªÙˆØµÙŠÙ„ Ø§Ù„Ø®Ù„ÙŠØ¬ÙŠØ©-Saudi Arabia-93613,Saudi Arabia,Foundation date not provided,Industry not provided,Size not provided
Software House Solution ,https://wuzzuf.net/jobs/careers/Software House Solution-Egypt-89312,"Cairo, Egypt",1988,Computer Hardware,11-50 employees
Tamayouz Development and Training Company,https://wuzzuf.net/jobs/careers/Tamayouz-Development-and-Training-Company-Egypt-61272,"Cairo, Egypt",Foundation date not provided,Industry not provided,Size not provided
Cepack,https://wuzzuf.net/jobs/careers/HiPack-Group-Egypt-28773,"Sharqia, Egypt",1998,Packaging and Containers,More than 1000 employees
Anspire Agency,https://wuzzuf.net/jobs/careers/Anspire-Agency-Egypt-14761,"Cairo, Egypt",2012,Marketing and Advertising,11-50 employees
Dawi Clinics,https://wuzzuf.net/jobs/careers/Dawi-Clinics-Egypt-22444,"Cairo, Egypt",Foundation date not provided,Industry not provided,101-500 employees
Hanimex,https://wuzzuf.net/jobs/careers/Hanimex-Egypt-93684,Egypt,Foundation date not provided,Industry not provided,Size not provided
Digital Hub,https://wuzzuf.net/jobs/careers/Digital-Hub-Egypt-22501,"Cairo, Egypt",Foundation date not provided,Industry not provided,Size not provided
Elsewedy industries,https://wuzzuf.net/jobs/careers/Elsewedy-industries-Egypt-49892,"Cairo, Egypt",1938,Manufacturing,More than 1000 employees
Extend | The Ad Network,https://wuzzuf.net/jobs/careers/Extend---The-Ad-Network-Egypt-93623,Egypt,Foundation date not provided,Industry not provided,Size not provided
Netaq for E-Solutions,https://wuzzuf.net/jobs/careers/Netaq for E-Solutions-United Arab Emirates-93607,United Arab Emirates,Foundation date not provided,Industry not provided,Size not provided
HandleT,https://wuzzuf.net/jobs/careers/HandleT-Egypt-93450,"Cairo, Egypt",2018,Computer Software,1-10 employees
Firoz Group,https://wuzzuf.net/jobs/careers/Firoz-Group-Egypt-9464,"Cairo, Egypt",1990,Engineering Services,101-500 employees
Could not find company name,https://wuzzuf.net/jobs/careers/maxtron-Egypt-93611,Location not provided,Foundation date not provided,Industry not provided,Size not provided
